{
    "average_delivery_time": 4.814855606060605,
    "average_pick_pack_time": 2.0,
    "average_queue_time": 0.056501835226353256,
    "average_travel_to_customer_time": 2.8148556060606054,
    "delivered_count": 33,
    "delivered_success_rate": 0.9166666666666666,
    "driver_utilization": 0.4343842253524726,
    "on_time_delivery_rate": 0.9166666666666666,
    "orders_missed_or_unserved": 3,
    "p50_delivery_time": 4.602813333333334,
    "p90_delivery_time": 7.310694999999998,
    "p95_delivery_time": 7.549369999999997,
    "simple_cost_estimate": 2266.0
}